<includes>
		<include file="defaults.xml" />
		<include file="includes_downloader.xml" />
		<include file="includes_variables.xml" />
		<include file="Viewtype_CommonRootView.xml">CommonRootView</include>
		<constant name="FanartCrossfadeTime">200</constant>
		<constant name="ThumbCrossfadeTime">0</constant>
		<include name="CommonBackground">
				<control type="image">
						<posx>0</posx>
						<posy>0</posy>
						<width>1280</width>
						<height>720</height>
						<aspectratio>stretch</aspectratio>
						<texture background="false">layouts/art/background.png</texture>
				</control>
				<control type="image">
						<posx>0</posx>
						<posy>0</posy>
						<width>1280</width>
						<height>720</height>
						<aspectratio>stretch</aspectratio>
						<colordiffuse>background-overlay-colour</colordiffuse>
						<texture background="false">background diffuse.png</texture>
				</control>
		</include>
		<include name="CarouselLabels">
				<control type="label">
						<include>CarouselLabelCommonValues</include>
						<label>$INFO[System.DVDLabel]</label>
						<animation effect="fade" reversible="true" start="0" end="100" delay="1050" time="200" tween="Cubic" easing="in" condition="!Container(9000).OnNext + !Container(9000).OnPrevious">Conditional</animation>
						<animation effect="fade" reversible="true" start="100" end="0" delay="0" time="0" condition="Container(9000).OnNext | Container(9000).OnPrevious">Conditional</animation>
						<visible>StringCompare(Container(9000).ListItem.Label2,$LOCALIZE[427])</visible>
				</control>
				<control type="label">
						<include>CarouselLabelCommonValues</include>
						<label>$INFO[Container(9000).ListItem.Label] Game Available</label>
						<animation effect="fade" reversible="true" start="0" end="100" delay="1050" time="200" tween="Cubic" easing="in" condition="!Container(9000).OnNext + !Container(9000).OnPrevious">Conditional</animation>
						<animation effect="fade" reversible="true" start="100" end="0" delay="0" time="0" condition="Container(9000).OnNext | Container(9000).OnPrevious">Conditional</animation>
						<visible>!StringCompare(Container(9000).ListItem.Label,0) + StringCompare(Container(9000).ListItem.Label,1) + !StringCompare(Container(9000).ListItem.Label,$LOCALIZE[5]) + !StringCompare(Container(9000).ListItem.Label2,$LOCALIZE[427]) + !StringCompare(Container(9000).ListItem.Label2,])</visible>
				</control>
				<control type="label">
						<include>CarouselLabelCommonValues</include>
						<label>$INFO[Container(9000).ListItem.Label] Games Available</label>
						<animation effect="fade" reversible="true" start="0" end="100" delay="1050" time="200" tween="Cubic" easing="in" condition="!Container(9000).OnNext + !Container(9000).OnPrevious">Conditional</animation>
						<animation effect="fade" reversible="true" start="100" end="0" delay="0" time="0" condition="Container(9000).OnNext | Container(9000).OnPrevious">Conditional</animation>
						<visible>StringCompare(Container(9000).ListItem.Label,0) | !StringCompare(Container(9000).ListItem.Label,Direct Launch Only) + !StringCompare(Container(9000).ListItem.Label,]) + !StringCompare(Container(9000).ListItem.Label,1) + !StringCompare(Container(9000).ListItem.Label,$LOCALIZE[5]) + !StringCompare(Container(9000).ListItem.Label2,$LOCALIZE[427])</visible>
				</control>
				<!-- For custom tiles -->
				<control type="label">
						<include>CarouselLabelCommonValues</include>
						<label>$INFO[Container(9000).ListItem.Label]</label>
						<animation effect="fade" reversible="true" start="0" end="100" delay="1050" time="200" tween="Cubic" easing="in" condition="!Container(9000).OnNext + !Container(9000).OnPrevious">Conditional</animation>
						<animation effect="fade" reversible="true" start="100" end="0" delay="0" time="0" condition="Container(9000).OnNext | Container(9000).OnPrevious">Conditional</animation>
						<visible>StringCompare(Container(9000).ListItem.Label,Direct Launch Only)</visible>
				</control>
		</include>
		<include name="EmulatorScrollFade">
				<visible>!Container(9000).Scrolling</visible>
				<animation effect="fade" delay="200" time="150">visible</animation>
				<animation effect="fade" time="150">hidden</animation>
		</include>
		<include name="XbeScrollFade">
				<visible>!Container(50).Scrolling</visible>
				<animation effect="fade" delay="200" time="150">visible</animation>
				<animation effect="fade" time="150">hidden</animation>
		</include>
		<include name="FavsScrollFade">
				<visible>!Container(450).Scrolling</visible>
				<animation effect="fade" delay="200" time="150">visible</animation>
				<animation effect="fade" time="150">hidden</animation>
		</include>
		<include name="CommonOptionsMenuBack">
				<include>VisibleFadeEffect</include>
				<visible allowhiddenfocus="true">ControlGroup(9000).HasFocus | ControlGroup(9001).HasFocus</visible>
				<animation effect="slide" start="0,0" end="60,0" time="200" condition="Player.HasMedia">conditional</animation>
				<posx>60</posx>
				<posy>45</posy>
				<control type="image">
						<description>shadow border</description>
						<posx>-8</posx>
						<posy>17</posy>
						<width>306</width>
						<height>431</height>
						<texture border="10">border-shadow.png</texture>
				</control>
				<control type="image">
						<description>Down Arrow</description>
						<posx>30</posx>
						<posy>0</posy>
						<width>40</width>
						<height>25</height>
						<texture>arrow-big-up.png</texture>
				</control>
				<control type="image">
						<description>background image</description>
						<posx>0</posx>
						<posy>25</posy>
						<width>290</width>
						<height>415</height>
						<texture border="8">subback.png</texture>
				</control>
				<control type="image">
						<description>Overlay image</description>
						<posx>0</posx>
						<posy>25</posy>
						<width>200</width>
						<height>310</height>
						<texture>glassoverlay.png</texture>
				</control>
				<control type="image">
						<posx>0</posx>
						<posy>25</posy>
						<width>290</width>
						<height>40</height>
						<texture>horizontalglow.png</texture>
				</control>
		</include>
		<include name="ScrollOffsetLabel">
				<control type="group">
						<visible>Container.Scrolling</visible>
						<animation effect="slide" start="0,0" end="0,-70" delay="0" time="200">Visible</animation>
						<animation effect="slide" start="0,-70" end="0,0" delay="100" time="200">Hidden</animation>
						<control type="image">
								<posx>70r</posx>
								<posy>0r</posy>
								<width>70</width>
								<height>70</height>
								<texture border="20,20,20,2">thumbfo.png</texture>
						</control>
						<control type="label">
								<posx>70r</posx>
								<posy>0r</posy>
								<width>70</width>
								<height>70</height>
								<align>center</align>
								<aligny>center</aligny>
								<label>[B]$INFO[ListItem.SortLetter][/B]</label>
								<textcolor>black</textcolor>
								<font>size_35</font>
						</control>
				</control>
		</include>
		<include name="ContextButtonsHomeHorizontal">
				<control type="grouplist">
						<posx>15</posx>
						<posy>685</posy>
						<width>1280</width>
						<height>85</height>
						<itemgap>5</itemgap>
						<orientation>horizontal</orientation>
						<control type="image">
								<description>DPad</description>
								<width>25</width>
								<height>25</height>
								<colordiffuse>contextbuttonshome</colordiffuse>
								<aspectratio>stretch</aspectratio>
								<texture>layouts/art/dpad.png</texture>
						</control>
						<control type="label">
								<width min="30" max="250">auto</width>
								<textcolor>contextbuttonshome</textcolor>
								<font>size_19</font>
								<label>$LOCALIZE[32070] </label>
						</control>
						<control type="image">
								<description>A Button</description>
								<width>25</width>
								<height>25</height>
								<colordiffuse>contextbuttonshome</colordiffuse>
								<aspectratio>stretch</aspectratio>
								<texture>layouts/art/a.png</texture>
						</control>
						<control type="label">
								<width min="30" max="250">auto</width>
								<textcolor>contextbuttonshome</textcolor>
								<font>size_19</font>
								<label>$LOCALIZE[32071] </label>
						</control>
						<control type="image">
								<description>X Button</description>
								<width>25</width>
								<height>25</height>
								<colordiffuse>contextbuttonshome</colordiffuse>
								<aspectratio>stretch</aspectratio>
								<texture>layouts/art/x.png</texture>
						</control>
						<control type="label">
								<width min="30" max="250">auto</width>
								<textcolor>contextbuttonshome</textcolor>
								<font>size_19</font>
								<label>$LOCALIZE[32076] </label>
								<visible>!Player.HasMedia</visible>
						</control>
						<control type="label">
								<width min="30" max="250">auto</width>
								<textcolor>contextbuttonshome</textcolor>
								<font>size_19</font>
								<label>$LOCALIZE[32080] </label>
								<visible>Player.HasMedia</visible>
						</control>
						<control type="image">
								<description>Start Button</description>
								<width>25</width>
								<height>25</height>
								<colordiffuse>contextbuttonshome</colordiffuse>
								<aspectratio>stretch</aspectratio>
								<texture>layouts/art/start.png</texture>
						</control>
						<control type="label">
								<width min="30" max="250">auto</width>
								<textcolor>contextbuttonshome</textcolor>
								<font>size_19</font>
								<label>$LOCALIZE[32072] </label>
						</control>
						<control type="image">
								<description>Back Button</description>
								<width>25</width>
								<height>25</height>
								<colordiffuse>contextbuttonshome</colordiffuse>
								<aspectratio>stretch</aspectratio>
								<texture>layouts/art/back.png</texture>
						</control>
						<control type="label">
								<width min="30" max="250">auto</width>
								<textcolor>contextbuttonshome</textcolor>
								<font>size_19</font>
								<label>$LOCALIZE[32079] </label>
								<visible>!Player.HasAudio</visible>
						</control>
						<control type="label">
								<width min="30" max="250">auto</width>
								<textcolor>contextbuttonshome</textcolor>
								<font>size_19</font>
								<label>$LOCALIZE[32069] </label>
								<visible>Player.HasAudio</visible>
						</control>
				</control>
		</include>
		<include name="ContextButtonsSettings">
				<control type="grouplist">
						<posx>15</posx>
						<posy>685</posy>
						<width>1280</width>
						<height>85</height>
						<itemgap>5</itemgap>
						<orientation>horizontal</orientation>
						<control type="image">
								<description>DPad</description>
								<width>25</width>
								<height>25</height>
								<colordiffuse>FF6E6E6E</colordiffuse>
								<aspectratio>stretch</aspectratio>
								<texture>layouts/art/dpad.png</texture>
								<visible>!Window.IsActive(1900)</visible>
						</control>
						<control type="label">
								<width min="30" max="250">auto</width>
								<textcolor>FF6E6E6E</textcolor>
								<font>size_19</font>
								<label>$LOCALIZE[32070] </label>
								<visible>!Window.IsActive(1900)</visible>
						</control>
						<control type="image">
								<description>A Button</description>
								<width>25</width>
								<height>25</height>
								<colordiffuse>FF6E6E6E</colordiffuse>
								<aspectratio>stretch</aspectratio>
								<texture>layouts/art/a.png</texture>
								<visible>!Window.IsActive(1900)</visible>
						</control>
						<control type="label">
								<width min="30" max="250">auto</width>
								<textcolor>FF6E6E6E</textcolor>
								<font>size_19</font>
								<label>$LOCALIZE[32071] </label>
								<visible>!Window.IsActive(1900)</visible>
						</control>
						<control type="image">
								<description>B Button</description>
								<width>25</width>
								<height>25</height>
								<colordiffuse>FF6E6E6E</colordiffuse>
								<aspectratio>stretch</aspectratio>
								<texture>layouts/art/b.png</texture>
						</control>
						<control type="label">
								<width min="30" max="250">auto</width>
								<textcolor>FF6E6E6E</textcolor>
								<font>size_19</font>
								<label>$LOCALIZE[32074] </label>
						</control>
						<control type="image">
								<description>X Button</description>
								<width>25</width>
								<height>25</height>
								<colordiffuse>FF6E6E6E</colordiffuse>
								<aspectratio>stretch</aspectratio>
								<texture>layouts/art/x.png</texture>
								<visible>Player.HasMedia</visible>
						</control>
						<control type="label">
								<width min="30" max="250">auto</width>
								<textcolor>FF6E6E6E</textcolor>
								<font>size_19</font>
								<label>$LOCALIZE[32080] </label>
								<visible>Player.HasMedia</visible>
						</control>
				</control>
		</include>
		<include name="ContextButtonsVideo">
				<control type="grouplist">
						<visible>Player.HasVideo</visible>
						<posx>15</posx>
						<posy>685</posy>
						<width>1280</width>
						<height>85</height>
						<itemgap>5</itemgap>
						<orientation>horizontal</orientation>
						<control type="image">
								<description>DPad</description>
								<width>25</width>
								<height>25</height>
								<colordiffuse>contextbuttonslayouts</colordiffuse>
								<aspectratio>stretch</aspectratio>
								<texture>layouts/art/dpad.png</texture>
						</control>
						<control type="label">
								<width min="30" max="250">auto</width>
								<textcolor>contextbuttonslayouts</textcolor>
								<font>size_19</font>
								<label>$LOCALIZE[32070] </label>
						</control>
						<control type="image">
								<description>A Button</description>
								<width>25</width>
								<height>25</height>
								<colordiffuse>contextbuttonslayouts</colordiffuse>
								<aspectratio>stretch</aspectratio>
								<texture>layouts/art/a.png</texture>
						</control>
						<control type="label">
								<width min="30" max="250">auto</width>
								<textcolor>contextbuttonslayouts</textcolor>
								<font>size_19</font>
								<label>$LOCALIZE[32078] </label>
						</control>
				</control>
		</include>
		<include name="ContextButtonsEmulators">
				<control type="grouplist">
						<visible>!Player.HasVideo</visible>
						<description>emulators</description>
						<posx>15</posx>
						<posy>685</posy>
						<width>1280</width>
						<height>85</height>
						<itemgap>5</itemgap>
						<orientation>horizontal</orientation>
						<control type="image">
								<description>DPad</description>
								<width>25</width>
								<height>25</height>
								<colordiffuse>contextbuttonslayouts</colordiffuse>
								<aspectratio>stretch</aspectratio>
								<texture>layouts/art/dpad.png</texture>
						</control>
						<control type="label">
								<width min="30" max="250">auto</width>
								<textcolor>contextbuttonslayouts</textcolor>
								<font>size_19</font>
								<label>$LOCALIZE[32070] </label>
						</control>
						<control type="image">
								<description>A Button</description>
								<width>25</width>
								<height>25</height>
								<colordiffuse>contextbuttonslayouts</colordiffuse>
								<aspectratio>stretch</aspectratio>
								<texture>layouts/art/a.png</texture>
						</control>
						<control type="label">
								<width min="30" max="250">auto</width>
								<textcolor>contextbuttonslayouts</textcolor>
								<font>size_19</font>
								<label>$LOCALIZE[32071] </label>
						</control>
						<control type="image">
								<description>B Button</description>
								<width>25</width>
								<height>25</height>
								<colordiffuse>contextbuttonslayouts</colordiffuse>
								<aspectratio>stretch</aspectratio>
								<texture>layouts/art/b.png</texture>
						</control>
						<control type="label">
								<width min="30" max="250">auto</width>
								<textcolor>contextbuttonslayouts</textcolor>
								<font>size_19</font>
								<label>$LOCALIZE[32074] </label>
						</control>
						<control type="image">
								<description>X Button</description>
								<width>25</width>
								<height>25</height>
								<colordiffuse>contextbuttonslayouts</colordiffuse>
								<aspectratio>stretch</aspectratio>
								<texture>layouts/art/x.png</texture>
								<visible>IntegerGreaterThan(Container(9000).NumItems,9)</visible>
						</control>
						<control type="label">
								<width min="30" max="250">auto</width>
								<textcolor>contextbuttonslayouts</textcolor>
								<font>size_19</font>
								<label>$LOCALIZE[32076] </label>
								<visible>IntegerGreaterThan(Container(9000).NumItems,9)</visible>
						</control>
						<control type="image">
								<description>Y Button</description>
								<width>25</width>
								<height>25</height>
								<colordiffuse>contextbuttonslayouts</colordiffuse>
								<aspectratio>stretch</aspectratio>
								<texture>layouts/art/y.png</texture>
								<visible>Skin.HasSetting(synopsislayout)</visible>
						</control>
						<control type="label">
								<width min="30" max="250">auto</width>
								<textcolor>contextbuttonslayouts</textcolor>
								<font>size_19</font>
								<label>$LOCALIZE[32075] </label>
								<visible>Skin.HasSetting(synopsislayout)</visible>
						</control>
						<control type="image">
								<description>White Button</description>
								<width>25</width>
								<height>25</height>
								<aspectratio>stretch</aspectratio>
								<texture>layouts/art/white.png</texture>
						</control>
						<control type="label">
								<width min="30" max="250">auto</width>
								<textcolor>contextbuttonslayouts</textcolor>
								<font>size_19</font>
								<label>$LOCALIZE[32073] </label>
						</control>
				</control>
		</include>
		<include name="ContextButtonsXBE">
				<control type="grouplist">
						<visible>!Player.HasVideo</visible>
						<description>xbe items</description>
						<posx>15</posx>
						<posy>685</posy>
						<width>1280</width>
						<height>85</height>
						<itemgap>5</itemgap>
						<orientation>horizontal</orientation>
						<control type="image">
								<description>DPad</description>
								<width>25</width>
								<height>25</height>
								<colordiffuse>contextbuttonslayouts</colordiffuse>
								<aspectratio>stretch</aspectratio>
								<texture>layouts/art/dpad.png</texture>
						</control>
						<control type="label">
								<width min="30" max="250">auto</width>
								<textcolor>contextbuttonslayouts</textcolor>
								<font>size_19</font>
								<label>$LOCALIZE[32070] </label>
						</control>
						<control type="image">
								<description>A Button</description>
								<width>25</width>
								<height>25</height>
								<colordiffuse>contextbuttonslayouts</colordiffuse>
								<aspectratio>stretch</aspectratio>
								<texture>layouts/art/a.png</texture>
						</control>
						<control type="label">
								<width min="30" max="250">auto</width>
								<textcolor>contextbuttonslayouts</textcolor>
								<font>size_19</font>
								<label>$LOCALIZE[32071] </label>
						</control>
						<control type="image">
								<description>B Button</description>
								<width>25</width>
								<height>25</height>
								<colordiffuse>contextbuttonslayouts</colordiffuse>
								<aspectratio>stretch</aspectratio>
								<texture>layouts/art/b.png</texture>
						</control>
						<control type="label">
								<width min="30" max="250">auto</width>
								<textcolor>contextbuttonslayouts</textcolor>
								<font>size_19</font>
								<label>$LOCALIZE[32074] </label>
						</control>
						<control type="image">
								<description>X Button</description>
								<width>25</width>
								<height>25</height>
								<colordiffuse>contextbuttonslayouts</colordiffuse>
								<aspectratio>stretch</aspectratio>
								<texture>layouts/art/x.png</texture>
						</control>
						<control type="label">
								<width min="30" max="250">auto</width>
								<textcolor>contextbuttonslayouts</textcolor>
								<font>size_19</font>
								<label>$LOCALIZE[32076] </label>
						</control>
						<control type="image">
								<description>Y Button</description>
								<width>25</width>
								<height>25</height>
								<colordiffuse>contextbuttonslayouts</colordiffuse>
								<aspectratio>stretch</aspectratio>
								<texture>layouts/art/y.png</texture>
								<visible>Skin.HasSetting(synopsislayout)</visible>
						</control>
						<control type="label">
								<width min="30" max="250">auto</width>
								<textcolor>contextbuttonslayouts</textcolor>
								<font>size_19</font>
								<label>$LOCALIZE[32075] </label>
								<visible>Skin.HasSetting(synopsislayout)</visible>
						</control>
						<control type="image">
								<description>White Button</description>
								<width>25</width>
								<height>25</height>
								<aspectratio>stretch</aspectratio>
								<texture>layouts/art/white.png</texture>
						</control>
						<control type="label">
								<width min="30" max="250">auto</width>
								<textcolor>contextbuttonslayouts</textcolor>
								<font>size_19</font>
								<label>$LOCALIZE[32077] </label>
						</control>
				</control>
		</include>
		<include name="ContextButtonsFAVS">
				<control type="grouplist">
						<description>favourite items</description>
						<posx>15</posx>
						<posy>685</posy>
						<width>1280</width>
						<height>85</height>
						<itemgap>5</itemgap>
						<orientation>horizontal</orientation>
						<control type="image">
								<description>DPad</description>
								<width>25</width>
								<height>25</height>
								<colordiffuse>contextbuttonslayouts</colordiffuse>
								<aspectratio>stretch</aspectratio>
								<texture>layouts/art/dpad.png</texture>
						</control>
						<control type="label">
								<width min="30" max="250">auto</width>
								<textcolor>contextbuttonslayouts</textcolor>
								<font>size_19</font>
								<label>$LOCALIZE[32070] </label>
						</control>
						<control type="image">
								<description>A Button</description>
								<width>25</width>
								<height>25</height>
								<colordiffuse>contextbuttonslayouts</colordiffuse>
								<aspectratio>stretch</aspectratio>
								<texture>layouts/art/a.png</texture>
						</control>
						<control type="label">
								<width min="30" max="250">auto</width>
								<textcolor>contextbuttonslayouts</textcolor>
								<font>size_19</font>
								<label>$LOCALIZE[32071] </label>
						</control>
						<control type="image">
								<description>B Button</description>
								<width>25</width>
								<height>25</height>
								<colordiffuse>contextbuttonslayouts</colordiffuse>
								<aspectratio>stretch</aspectratio>
								<texture>layouts/art/b.png</texture>
						</control>
						<control type="label">
								<width min="30" max="250">auto</width>
								<textcolor>contextbuttonslayouts</textcolor>
								<font>size_19</font>
								<label>$LOCALIZE[32074] </label>
						</control>
						<control type="image">
								<description>White Button</description>
								<width>25</width>
								<height>25</height>
								<aspectratio>stretch</aspectratio>
								<texture>layouts/art/white.png</texture>
								<visible>!StringCompare(Container(450).NumItems,0)</visible>
						</control>
						<control type="label">
								<width min="30" max="250">auto</width>
								<textcolor>contextbuttonslayouts</textcolor>
								<font>size_19</font>
								<label>$LOCALIZE[32077] </label>
								<visible>!StringCompare(Container(450).NumItems,0)</visible>
						</control>
				</control>
		</include>
		<include name="1280x720">
				<width>1280</width>
				<height>720</height>
		</include>
		<include name="CustomSettingsButtons">
				<width>1170</width>
				<height>50</height>
				<font>size_20</font>
				<textcolor>white</textcolor>
				<focusedcolor>black</focusedcolor>
				<texturefocus border="5">thumbfO.png</texturefocus>
				<texturenofocus border="5">list_seperator_alt.png</texturenofocus>
		</include>
		<include name="CustomSystemInfoButtons">
				<width>280</width>
				<height>50</height>
				<font>size_22</font>
				<align>center</align>
				<aligny>center</aligny>
				<textcolor>menu_deselect_label</textcolor>
				<focusedcolor>menu_select_label</focusedcolor>
				<shadowcolor>-</shadowcolor>
				<textoffsetx>0</textoffsetx>
				<texturefocus>button-nofocus4.png</texturefocus>
				<texturenofocus>button-focus4.png</texturenofocus>
		</include>
		<include name="CarouselLabelCommonValues">
				<posx>0</posx>
				<posy>447</posy>
				<width>1280</width>
				<height>41</height>
				<align>center</align>
				<aligny>center</aligny>
				<font>size_28</font>
				<textcolor>$VAR[var-labelcolour]</textcolor>
		</include>
		<include name="CarouselAltLabelCommonValues">
				<posx>406</posx>
				<posy>163</posy>
				<width>468</width>
				<height>41</height>
				<align>center</align>
				<aligny>center</aligny>
				<font>size_35</font>
				<textcolor>$VAR[var-labelcolour]</textcolor>
		</include>
		<include name="MenuButtonCommonValues">
				<width>640</width>
				<height>50</height>
				<font>size_23</font>
				<align>left</align>
				<aligny>center</aligny>
				<textcolor>menu_deselect_label</textcolor>
				<focusedcolor>menu_select_label</focusedcolor>
				<shadowcolor>-</shadowcolor>
				<textoffsetx>10</textoffsetx>
				<texturefocus border="5">button-focus4.png</texturefocus>
				<texturenofocus>button-nofocus4.png</texturenofocus>
		</include>
		<include name="MenuFolderButtonCommonValues">
				<width>640</width>
				<height>50</height>
				<font>size_23</font>
				<align>left</align>
				<aligny>center</aligny>
				<textcolor>menu_deselect_label</textcolor>
				<focusedcolor>menu_select_label</focusedcolor>
				<shadowcolor>-</shadowcolor>
				<textoffsetx>10</textoffsetx>
				<texturefocus border="5">button-focus5.png</texturefocus>
				<texturenofocus>button-nofocus5.png</texturenofocus>
		</include>
		<include name="MenuVolumeButtonCommonValues">
				<width>640</width>
				<height>50</height>
				<font>size_23</font>
				<align>left</align>
				<aligny>center</aligny>
				<textcolor>menu_deselect_label</textcolor>
				<focusedcolor>menu_select_label</focusedcolor>
				<shadowcolor>-</shadowcolor>
				<textoffsetx>10</textoffsetx>
				<texturefocus border="5">button-focus5_alt.png</texturefocus>
				<texturenofocus>button-nofocus5_alt.png</texturenofocus>
		</include>
		<include name="MenuYesNoButtonCommonValues">
				<width>100</width>
				<height>51</height>
				<font>size_23</font>
				<align>center</align>
				<aligny>center</aligny>
				<textcolor>menu_deselect_label</textcolor>
				<focusedcolor>menu_select_label</focusedcolor>
				<shadowcolor>-</shadowcolor>
				<textoffsetx>0</textoffsetx>
				<texturefocus border="20,20,20,20">yes_no_focus.png</texturefocus>
				<texturenofocus border="20,20,20,20">yes_no_nofocus.png</texturenofocus>
		</include>
		<include name="MenuCustomButtonCommonValues">
				<width>640</width>
				<height>50</height>
				<font>size_23</font>
				<align>left</align>
				<aligny>center</aligny>
				<textcolor>menu_deselect_label</textcolor>
				<focusedcolor>menu_select_label</focusedcolor>
				<shadowcolor>-</shadowcolor>
				<textoffsetx>10</textoffsetx>
				<texturefocus border="5">button-focus4.png</texturefocus>
				<texturenofocus>button-nofocus4.png</texturenofocus>
		</include>
		<include name="ButtonHomeSubCommonValues">
				<height>37</height>
				<width>246</width>
				<textcolor>grey2</textcolor>
				<focusedcolor>white</focusedcolor>
				<align>center</align>
				<aligny>center</aligny>
				<font>size_20</font>
				<texturefocus border="5">button-focus2.png</texturefocus>
				<texturenofocus border="5">-</texturenofocus>
				<pulseonselect>true</pulseonselect>
		</include>
		<include name="ButtonInfoDialogsCommonValues">
				<height>25</height>
				<width>200</width>
				<font>size_20</font>
				<textcolor>white</textcolor>
				<focusedcolor>white</focusedcolor>
				<shadowcolor>black</shadowcolor>
				<align>center</align>
				<aligny>center</aligny>
				<texturefocus border="2">button-focus2.png</texturefocus>
				<texturenofocus border="2">button-nofocus.png</texturenofocus>
				<pulseonselect>no</pulseonselect>
		</include>
		<include name="BusyOverlay">
				<control type="image">
						<description>Busy animation</description>
						<posx>0</posx>
						<posy>0</posy>
						<width>40</width>
						<height>40</height>
						<texture>busy.png</texture>
						<aspectratio>keep</aspectratio>
						<colordiffuse>FF067EAD</colordiffuse>
						<visible>Control.HasFocus(9100)</visible>
						<animation effect="fade" start="0" end="100" time="100">Visible</animation>
						<animation effect="rotate" start="0" end="360" center="auto" time="500" loop="true" condition="true">conditional</animation>
						<animation effect="fade" start="100" end="0" time="100">Hidden</animation>
				</control>
		</include>
		<include name="Window_OpenClose_Animation">
				<animation effect="fade" time="300">WindowOpen</animation>
				<animation effect="fade" time="300">WindowClose</animation>
		</include>
		<include name="dialogeffect">
				<animation effect="fade" time="200">WindowOpen</animation>
				<animation effect="fade" time="200">WindowClose</animation>
		</include>
		<include name="DialogEffectZoom">
				<animation type="WindowOpen" reversible="false">
						<effect type="zoom" start="80" end="100" center="640,360" easing="out" tween="back" time="300" delay="200" />
						<effect type="fade" start="0" end="100" time="300" delay="200" />
				</animation>
				<animation type="WindowClose" reversible="false">
						<effect type="zoom" start="100" end="80" center="640,360" easing="in" tween="back" time="300" />
						<effect type="fade" start="100" end="0" time="300" />
				</animation>
		</include>
		<include name="ViewVisibleEffect">
				<animation type="WindowOpen" reversible="false">
						<effect type="zoom" start="80" end="100" center="640,360" easing="out" tween="back" time="200" />
						<effect type="fade" start="0" end="100" time="200" />
				</animation>
				<animation type="WindowClose" reversible="false">
						<effect type="zoom" start="100" end="80" center="640,360" easing="in" tween="back" time="200" />
						<effect type="fade" start="100" end="0" time="200" />
				</animation>
		</include>
		<include name="VisibleFadeEffect">
				<animation effect="fade" time="200">Visible</animation>
				<animation effect="fade" time="200">Hidden</animation>
		</include>
</includes>