<includes>
		<include name="Downloader_Buttons">
				<posx>221</posx>
				<posy>25</posy>
				<width>759</width>
				<height>505</height>
				<onleft>Skin.Reset(downloader_focus)</onleft>
				<onleft>9000</onleft>
				<include>DownloaderVisibleFadeEffect</include>
				<include>Downloader_Look_and_Feel</include>
		</include>
		<include name="Downloader_Types_Look_and_Feel">
				<itemlayout height="56" width="220">
						<control type="image">
								<posx>0</posx>
								<posy>0</posy>
								<width>220</width>
								<height>56</height>
								<aspectratio>stretch</aspectratio>
								<texture border="1">thumbnf.png</texture>
						</control>
						<!-- Item Name -->
						<control type="label">
								<posx>0</posx>
								<posy>0</posy>
								<width>220</width>
								<height>56</height>
								<font>size_21</font>
								<align>center</align>
								<aligny>center</aligny>
								<textcolor>FFFFFFFF</textcolor>
								<label>[UPPERCASE]$INFO[ListItem.Label][/UPPERCASE]</label>
								<scroll>false</scroll>
						</control>
				</itemlayout>
				<focusedlayout height="56" width="220">
						<control type="image">
								<posx>0</posx>
								<posy>0</posy>
								<width>220</width>
								<height>56</height>
								<aspectratio>stretch</aspectratio>
								<texture border="1">background diffuse.png</texture>
						</control>
						<!-- Item Name -->
						<control type="label">
								<posx>0</posx>
								<posy>0</posy>
								<width>220</width>
								<height>56</height>
								<font>size_21</font>
								<align>center</align>
								<aligny>center</aligny>
								<textcolor>FF393A3B</textcolor>
								<label>[UPPERCASE]$INFO[ListItem.Label][/UPPERCASE]</label>
								<scroll>false</scroll>
						</control>
				</focusedlayout>
		</include>
		<include name="Downloader_Look_and_Feel">
				<itemlayout height="101" width="560">
						<control type="image">
								<posx>0</posx>
								<posy>0</posy>
								<width>760</width>
								<height>100</height>
								<aspectratio>stretch</aspectratio>
								<colordiffuse>FF393A3B</colordiffuse>
								<texture border="1">background diffuse.png</texture>
						</control>
						<!-- Item Name -->
						<control type="label">
								<posx>15</posx>
								<posy>0</posy>
								<width>630</width>
								<height>30</height>
								<font>size_21</font>
								<textcolor>FFFFFFFF</textcolor>
								<align>left</align>
								<aligny>center</aligny>
								<label>[UPPERCASE]$INFO[ListItem.Label][/UPPERCASE]</label>
								<scroll>false</scroll>
						</control>
						<!-- File Size -->
						<control type="label">
								<posx>15</posx>
								<posy>25</posy>
								<width>655</width>
								<height>30</height>
								<font>size_14</font>
								<textcolor>FF949698</textcolor>
								<align>left</align>
								<label>[UPPERCASE]File Size: [COLOR=FFFFFFFF]$INFO[ListItem.ActualIcon][/COLOR][/UPPERCASE]</label>
								<scroll>false</scroll>
						</control>
						<!-- Description -->
						<control type="textbox">
								<posx>19</posx>
								<posy>45</posy>
								<width>630</width>
								<height>50</height>
								<font>size_12</font>
								<textcolor>FFFFFFFF</textcolor>
								<align>left</align>
								<scrolltime>200</scrolltime>
								<label>[UPPERCASE]$INFO[ListItem.Label2][/UPPERCASE]</label>
						</control>
						<!-- Thumb -->
						<control type="image">
								<posx>659</posx>
								<posy>0</posy>
								<width>100</width>
								<height>100</height>
								<aspectratio>stretch</aspectratio>
								<texture fallback="layouts/art/no_thumbnail.png">Special://skin/media/urldownloader/thumbs/$INFO[listitem.thumb]</texture>
						</control>
				</itemlayout>
				<focusedlayout height="101" width="560">
						<control type="image">
								<posx>0</posx>
								<posy>0</posy>
								<width>760</width>
								<height>100</height>
								<aspectratio>stretch</aspectratio>
								<texture border="1">background diffuse.png</texture>
								<visible>Skin.HasSetting(downloader_focus)</visible>
						</control>
						<control type="image">
								<posx>0</posx>
								<posy>0</posy>
								<width>760</width>
								<height>100</height>
								<aspectratio>stretch</aspectratio>
								<colordiffuse>FF393A3B</colordiffuse>
								<texture border="1">background diffuse.png</texture>
								<visible>!Skin.HasSetting(downloader_focus)</visible>
						</control>
						<!-- Item Name -->
						<control type="label">
								<posx>15</posx>
								<posy>0</posy>
								<width>655</width>
								<height>30</height>
								<font>size_21</font>
								<textcolor>FF393A3B</textcolor>
								<align>left</align>
								<aligny>center</aligny>
								<label>[UPPERCASE]Install: $INFO[ListItem.Label][/UPPERCASE]</label>
								<scroll>false</scroll>
								<visible>Skin.HasSetting(downloader_focus)</visible>
						</control>
						<!-- No Focus Item Name -->
						<control type="label">
								<posx>15</posx>
								<posy>0</posy>
								<width>630</width>
								<height>30</height>
								<font>size_21</font>
								<textcolor>FFFFFFFF</textcolor>
								<align>left</align>
								<aligny>center</aligny>
								<label>[UPPERCASE]$INFO[ListItem.Label][/UPPERCASE]</label>
								<scroll>false</scroll>
								<visible>!Skin.HasSetting(downloader_focus)</visible>
						</control>
						<!-- File Size -->
						<control type="label">
								<posx>15</posx>
								<posy>25</posy>
								<width>655</width>
								<height>30</height>
								<font>size_14</font>
								<textcolor>FF393A3B</textcolor>
								<align>left</align>
								<label>[UPPERCASE]File Size: [COLOR=FF393A3B]$INFO[ListItem.ActualIcon][/COLOR][/UPPERCASE]</label>
								<scroll>false</scroll>
								<visible>Skin.HasSetting(downloader_focus)</visible>
						</control>
						<!-- No Focus File Size -->
						<control type="label">
								<posx>15</posx>
								<posy>25</posy>
								<width>655</width>
								<height>30</height>
								<font>size_14</font>
								<textcolor>FF949698</textcolor>
								<align>left</align>
								<label>[UPPERCASE]File Size: [COLOR=FFFFFFFF]$INFO[ListItem.ActualIcon][/COLOR][/UPPERCASE]</label>
								<scroll>false</scroll>
								<visible>!Skin.HasSetting(downloader_focus)</visible>
						</control>
						<!-- Description -->
						<control type="textbox">
								<posx>19</posx>
								<posy>45</posy>
								<width>630</width>
								<height>50</height>
								<font>size_12</font>
								<textcolor>FF393A3B</textcolor>
								<align>left</align>
								<scrolltime>200</scrolltime>
								<autoscroll delay="10000" time="2000" repeat="10000" condition="Container(9000).HasFocus">Conditional</autoscroll>
								<label>[UPPERCASE]$INFO[ListItem.Label2][/UPPERCASE]</label>
								<visible>Skin.HasSetting(downloader_focus)</visible>
						</control>
						<!-- No Focus Description -->
						<control type="textbox">
								<posx>19</posx>
								<posy>45</posy>
								<width>630</width>
								<height>50</height>
								<font>size_12</font>
								<textcolor>FFFFFFFF</textcolor>
								<align>left</align>
								<scrolltime>200</scrolltime>
								<label>[UPPERCASE]$INFO[ListItem.Label2][/UPPERCASE]</label>
								<visible>!Skin.HasSetting(downloader_focus)</visible>
						</control>
						<!-- Thumb -->
						<control type="image">
								<posx>659</posx>
								<posy>0</posy>
								<width>100</width>
								<height>100</height>
								<aspectratio>stretch</aspectratio>
								<texture fallback="layouts/art/no_thumbnail.png">Special://skin/media/urldownloader/thumbs/$INFO[listitem.thumb]</texture>
						</control>
				</focusedlayout>
		</include>
		<include name="DownloaderVisibleFadeEffect">
				<!-- <animation effect="fade" delay="100" time="100">Visible</animation> -->
				<!-- <animation effect="fade" time="100">Hidden</animation> -->
		</include>
</includes>